{
    "0" : {
        "DIM" : [640, 480],
        "K" : [[231.12849686105233, 0.0, 324.3670902176044], [0.0, 231.26214350748688, 268.85024970872524], [0.0, 0.0, 1.0]],
        "D" : [[-0.04246758993225627], [0.0012586698587831295], [-0.004301518520494384], [0.0008646618193537325]]
    }
}