{
    "0": {
        "DIM": [
            640,
            480
        ],
        "K": [
            [
                233.02319276330905,
                0.0,
                323.6994445631597
            ],
            [
                0.0,
                233.74682445719796,
                270.114189156184
            ],
            [
                0.0,
                0.0,
                1.0
            ]
        ],
        "D": [
            [
                -0.04154258603189415
            ],
            [
                -0.0010485676543132239
            ],
            [
                -0.0031505487212415044
            ],
            [
                0.0005574395237355649
            ]
        ]
    },
    "1": {
        "DIM": [
            640,
            480
        ],
        "K": [
            [
                231.0267264456218,
                0.0,
                324.3523305024766
            ],
            [
                0.0,
                231.8479187379357,
                265.0912539597886
            ],
            [
                0.0,
                0.0,
                1.0
            ]
        ],
        "D": [
            [
                -0.03081060022361973
            ],
            [
                -0.020985491131940804
            ],
            [
                0.011162485103886382
            ],
            [
                -0.002663786772936537
            ]
        ]
    }
}