{
    "0": {
        "DIM": [
            640,
            480
        ],
        "K": [
            [
                228.6056964219872,
                0.034668624377527595,
                321.6074619735176
            ],
            [
                0.0,
                228.9229314412615,
                231.95256119549873
            ],
            [
                0.0,
                0.0,
                1.0
            ]
        ],
        "D": [
            [
                -0.038017347270343366
            ],
            [
                -0.03840121393828392
            ],
            [
                0.025471909066088084
            ],
            [
                -0.005355065419191482
            ]
        ]
    }
}
